Start_Point,End_Point
C1,D1
C2,D1
C3,D1
C4,D1
C5,D1
C6,D1
C7,D1
C8,D1
C9,D1
C10,D1
C11,D1
C12,D1
C13,D13
C14,D13
C15,D13
C16,D13
C17,D13
C18,D13
C19,D13
C20,D13
C21,D13
C22,D13
C23,D13
C24,D13
C25,D13
C26,D13
C27,D13
C28,D13
C29,D20
C30,D20
C31,D20
C32,D20
C33,D20
C34,D20
C35,D20
C36,D20
C37,D20
C38,D20
C39,D31
C40,D2
C41,D32
C42,D21
C43,D22
C44,D22
C45,D22
C46,D22
C47,D22
C48,D22
C49,D22
C50,D22
C51,D22
C52,D22
C53,D33
C54,D3
C55,D3
C56,D3
C57,D3
C58,D3
C59,D3
C60,D3
C61,D3
C62,D3
C63,D3
C64,D3
C65,D4
C66,D5
C67,D23
C68,D34
C69,D35
C70,D35
C71,D35
C72,D35
C73,D35
C74,D35
C75,D35
C76,D35
C77,D35
C78,D35
C79,D35
C80,D35
C81,D35
C82,D35
C83,D35
C84,D35
C85,D46
C86,D47
C87,D14
C88,D14
C89,D14
C90,D14
C91,D14
C92,D14
C93,D14
C94,D14
C95,D14
C96,D14
C97,D14
C98,D48
C99,D48
C100,D48
C101,D48
C102,D48
C103,D48
C104,D48
C105,D48
C106,D48
C107,D48
C108,D48
C109,D48
C110,D48
C111,D48
C112,D48
C113,D48
C114,D48
C115,D6
C116,D6
C117,D6
C118,D6
C119,D6
C120,D6
C121,D6
C122,D7
C123,D7
C124,D7
C125,D7
C126,D7
C127,D7
C128,D7
C129,D7
C130,D7
C131,D7
C132,D7
C133,D7
C134,D7
C135,D7
C136,D7
C137,D49
C138,D49
C139,D49
C140,D49
C141,D49
C142,D49
C143,D49
C144,D49
C145,D49
C146,D49
C147,D36
C148,D8
C149,D8
C150,D8
C151,D8
C152,D8
C153,D8
C154,D8
C155,D8
C156,D8
C157,D8
C158,D8
C159,D8
C160,D8
C161,D8
C162,D15
C163,D15
C164,D15
C165,D15
C166,D15
C167,D15
C168,D15
C169,D15
C170,D15
C171,D15
C172,D37
C173,D37
C174,D37
C175,D37
C176,D37
C177,D37
C178,D37
C179,D37
C180,D37
C181,D50
C182,D50
C183,D50
C184,D50
C185,D50
C186,D50
C187,D50
C188,D50
C189,D50
C190,D50
C191,D50
C192,D50
C193,D50
C194,D50
C195,D50
C196,D50
C197,D50
C198,D50
C199,D50
C200,D50
C201,D50
C202,D50
C203,D50
C204,D50
C205,D9
C206,D38
C207,D24
C208,D24
C209,D24
C210,D24
C211,D24
C212,D24
C213,D24
C214,D24
C215,D24
C216,D24
C217,D39
C218,D39
C219,D39
C220,D39
C221,D39
C222,D39
C223,D39
C224,D39
C225,D39
C226,D39
C227,D39
C228,D39
C229,D39
C230,D10
C231,D10
C232,D10
C233,D10
C234,D10
C235,D10
C236,D10
C237,D10
C238,D10
C239,D10
C240,D40
C241,D41
C242,D42
C243,D42
C244,D42
C245,D42
C246,D42
C247,D42
C248,D42
C249,D42
C250,D42
C251,D42
C252,D43
C253,D25
C254,D25
C255,D25
C256,D25
C257,D25
C258,D25
C259,D25
C260,D25
C261,D25
C262,D25
C263,D25
C264,D25
C265,D25
C266,D25
C267,D25
C268,D25
C269,D25
C270,D25
C271,D25
C272,D44
C273,D44
C274,D44
C275,D44
C276,D44
C277,D44
C278,D44
C279,D44
C280,D26
C281,D26
C282,D26
C283,D26
C284,D26
C285,D26
C286,D26
C287,D26
C288,D26
C289,D26
C290,D26
C291,D26
C292,D26
C293,D26
C294,D26
C295,D27
C296,D27
C297,D27
C298,D27
C299,D27
C300,D27
C301,D27
C302,D27
C303,D27
C304,D27
C305,D27
C306,D27
C307,D27
C308,D51
C309,D28
C310,D28
C311,D28
C312,D28
C313,D28
C314,D28
C315,D28
C316,D28
C317,D45
C318,D16
C319,D29
C320,D11
C321,D11
C322,D11
C323,D11
C324,D11
C325,D11
C326,D11
C327,D11
C328,D11
C329,D17
C330,D17
C331,D17
C332,D17
C333,D17
C334,D17
C335,D17
C336,D17
C337,D17
C338,D17
C339,D52
C340,D52
C341,D52
C342,D52
C343,D52
C344,D52
C345,D52
C346,D52
C347,D52
C348,D52
C349,D52
C350,D18
C351,D18
C352,D18
C353,D18
C354,D18
C355,D18
C356,D18
C357,D18
C358,D18
C359,D12
C360,D53
C361,D53
C362,D53
C363,D53
C364,D53
C365,D53
C366,D53
C367,D53
C368,D53
C369,D53
C370,D53
C371,D53
C372,D53
C373,D19
C374,D19
C375,D19
C376,D19
C377,D19
C378,D19
C379,D19
C380,D19
C381,D19
C382,D19
C383,D19
C384,D19
C385,D19
C386,D30
C387,D30
C388,D30
C389,D30
C390,D30
C391,D30
C392,D30
C393,D30
C394,D30
C395,D30
C396,D30
D1,A1
D2,A1
D3,A1
D4,A1
D5,A1
D6,A1
D7,A1
D8,A1
D9,A1
D10,A1
D11,A1
D12,A1
D13,A2
D14,A2
D15,A2
D16,A2
D17,A2
D18,A2
D19,A2
D20,A3
D21,A3
D22,A3
D23,A3
D24,A3
D25,A3
D26,A3
D27,A3
D28,A3
D29,A3
D30,A3
D31,A4
D32,A4
D33,A4
D34,A4
D35,A4
D36,A4
D37,A4
D38,A4
D39,A4
D40,A4
D41,A4
D42,A4
D43,A4
D44,A4
D45,A4
D46,A5
D47,A5
D48,A5
D49,A5
D50,A5
D51,A5
D52,A5
D53,A5
A1,F1
A2,F1
A3,F1
A4,F1
A5,F1
