ID,Name,Centroid
D1,Flensburg,POINT (9.440383577156673 54.78964187919546)
D2,Kiel,POINT (10.134123139151573 54.326100932347956)
D3,Lübeck,POINT (10.728032871502128 53.872898977619855)
D4,Neumünster,POINT (9.984528456376973 54.08110702188196)
D5,Dithmarschen,POINT (9.109582921849395 54.132438751490746)
D6,Herzogtum Lauenburg,POINT (10.601836932792425 53.58896942018188)
D7,Nordfriesland,POINT (8.898730426124205 54.61405105826772)
D8,Ostholstein,POINT (10.820387957986746 54.19029457871506)
D9,Pinneberg,POINT (9.726507480943035 53.71622535849136)
D10,Plön,POINT (10.363579514541932 54.24338731499953)
D11,Rendsburg-Eckernförde,POINT (9.781994431390892 54.29186710565532)
D12,Schleswig-Flensburg,POINT (9.511627892551704 54.62763033629509)
D13,Segeberg,POINT (10.141073109511241 53.92005622367242)
D14,Steinburg,POINT (9.514284025120412 53.924541576209656)
D15,Stormarn,POINT (10.331625050219301 53.72076871363738)
D16,Hamburg,POINT (10.00802493987208 53.54875298345912)
D17,Braunschweig,POINT (10.52417168914646 52.275262185464975)
D18,Salzgitter,POINT (10.370710092684472 52.12445943104119)
D19,Wolfsburg,POINT (10.784967372654227 52.41081973151195)
D20,Gifhorn,POINT (10.6041798999437 52.58039149800592)
D21,Goslar,POINT (10.40019247433782 51.874808563579215)
D22,Helmstedt,POINT (10.888625824150028 52.260661134253795)
D23,Northeim,POINT (9.848295356012864 51.74271037637998)
D24,Peine,POINT (10.255542655633713 52.30429092411361)
D25,Wolfenbüttel,POINT (10.583847195648689 52.12697159888882)
D26,Göttingen,POINT (10.08794402597397 51.564138820286516)
D27,Region Hannover,POINT (9.719663021871707 52.42185901793388)
D28,Diepholz,POINT (8.701730372747821 52.72834961031821)
D29,Hameln-Pyrmont,POINT (9.389917507194925 52.095013545612176)
D30,Hildesheim,POINT (9.943413796686917 52.09032050923783)
D31,Holzminden,POINT (9.551349724921703 51.88037479518019)
D32,Nienburg (Weser),POINT (9.114316569842135 52.60915626893316)
D33,Schaumburg,POINT (9.206616534436588 52.2927679077511)
D34,Celle,POINT (10.103532240514603 52.713204846471754)
D35,Cuxhaven,POINT (8.812500777231808 53.616583524574445)
D36,Harburg,POINT (9.96279389781503 53.31572855563152)
D37,Lüchow-Dannenberg,POINT (11.123151409010553 53.01979093671515)
D38,Lüneburg,POINT (10.573080207465644 53.23248473339671)
D39,Osterholz,POINT (8.808085969785004 53.250969138659016)
D40,Rotenburg (Wümme),POINT (9.306553097977202 53.25074776332622)
D41,Heidekreis,POINT (9.769247513011125 52.928256361811414)
D42,Stade,POINT (9.42044839313943 53.58515477096454)
D43,Uelzen,POINT (10.547522116996674 52.983607712328634)
D44,Verden,POINT (9.175328880929378 52.97325651255177)
D45,Delmenhorst,POINT (8.645824796097408 53.04956302098577)
D46,Emden,POINT (7.180937420338536 53.360662504205486)
D47,Oldenburg (Oldb),POINT (8.224405123645864 53.14472426478605)
D48,Osnabrück,POINT (8.047509833865368 52.2773355523176)
D49,Wilhelmshaven,POINT (8.087652028119258 53.56658803699728)
D50,Ammerland,POINT (8.013465048277897 53.218320660918515)
D51,Aurich,POINT (7.36828247580465 53.49778578535559)
D52,Cloppenburg,POINT (7.904635400235915 52.910953970715425)
D53,Emsland,POINT (7.402681206214201 52.73824998788126)
D54,Friesland,POINT (7.98269413216468 53.50902722146473)
D55,Grafschaft Bentheim,POINT (7.019882621410429 52.47600919500656)
D56,Leer,POINT (7.470210194592542 53.24341392096411)
D57,Oldenburg,POINT (8.389390466868967 52.98805204380154)
D58,Osnabrück,POINT (8.045235677861744 52.38149841982249)
D59,Vechta,POINT (8.222928757658714 52.6602795969701)
D60,Wesermarsch,POINT (8.390341393222792 53.3555685670062)
D61,Wittmund,POINT (7.70564287296205 53.576198709701224)
D62,Bremen,POINT (8.780218782977064 53.11972161059221)
D63,Bremerhaven,POINT (8.58126443269211 53.54026388071593)
D64,Düsseldorf,POINT (6.810211931837829 51.235569426987105)
D65,Duisburg,POINT (6.734681052980137 51.43977172627063)
D66,Essen,POINT (7.017112980406685 51.43381248441659)
D67,Krefeld,POINT (6.579744086206585 51.34496961823306)
D68,Mönchengladbach,POINT (6.412026003593232 51.167300452499)
D69,Mülheim an der Ruhr,POINT (6.878315260468312 51.41373838508852)
D70,Oberhausen,POINT (6.847088221477709 51.51309143381443)
D71,Remscheid,POINT (7.2238580008058 51.18269044105463)
D72,Solingen,POINT (7.066391535510631 51.16248987916435)
D73,Wuppertal,POINT (7.168961347852074 51.250852746218705)
D74,Kleve,POINT (6.258776989731486 51.65241552331133)
D75,Mettmann,POINT (6.968939381606642 51.25724651760929)
D76,Rhein-Kreis Neuss,POINT (6.64946923641255 51.14349620597578)
D77,Viersen,POINT (6.32601827343366 51.28280162172414)
D78,Wesel,POINT (6.618444577400664 51.627014677223116)
D79,Bonn,POINT (7.109838181080088 50.705767226710435)
D80,Köln,POINT (6.973700634759826 50.94562078851907)
D81,Leverkusen,POINT (7.015245166167052 51.05305275441664)
D82,Städteregion Aachen,POINT (6.216774779493228 50.727544052223486)
D83,Düren,POINT (6.445585912596447 50.817823631210246)
D84,Rhein-Erft-Kreis,POINT (6.716585204625059 50.90501845785189)
D85,Euskirchen,POINT (6.644166447566353 50.536368513300964)
D86,Heinsberg,POINT (6.164168716894306 51.04933908507996)
D87,Oberbergischer Kreis,POINT (7.5164777876403015 51.01266547599947)
D88,Rheinisch-Bergischer Kreis,POINT (7.194501025390546 51.02303606858198)
D89,Rhein-Sieg-Kreis,POINT (7.234352322444598 50.760669094989304)
D90,Bottrop,POINT (6.920181141240099 51.57173307128315)
D91,Gelsenkirchen,POINT (7.070917555743798 51.5540424946794)
D92,Münster,POINT (7.623679370186271 51.95429775447303)
D93,Borken,POINT (6.899501346310379 51.96129177415635)
D94,Coesfeld,POINT (7.365783204102552 51.86692496765544)
D95,Recklinghausen,POINT (7.159413896362972 51.67247824839393)
D96,Steinfurt,POINT (7.579486677900575 52.21152070531418)
D97,Warendorf,POINT (7.958096899229734 51.870188911851166)
D98,Bielefeld,POINT (8.540863519972836 52.010912971840995)
D99,Gütersloh,POINT (8.35136834072182 51.931665715697214)
D100,Herford,POINT (8.644038213917089 52.16752831878337)
D101,Höxter,POINT (9.178132662749906 51.684856976211755)
D102,Lippe,POINT (8.95092729044126 51.98142287540669)
D103,Minden-Lübbecke,POINT (8.73948052221697 52.35243803355125)
D104,Paderborn,POINT (8.719658235897867 51.664253006198884)
D105,Bochum,POINT (7.224642335679075 51.46986605526436)
D106,Dortmund,POINT (7.47532736794551 51.515888822095256)
D107,Hagen,POINT (7.4971781252302465 51.34827164884516)
D108,Hamm,POINT (7.824057652225346 51.66539100920909)
D109,Herne,POINT (7.208453695444728 51.5375051839599)
D110,Ennepe-Ruhr-Kreis,POINT (7.323958200138603 51.346582125623485)
D111,Hochsauerlandkreis,POINT (8.384858064166785 51.30692488843086)
D112,Märkischer Kreis,POINT (7.712896832821887 51.26254927025781)
D113,Olpe,POINT (7.976626938881061 51.086221924821935)
D114,Siegen-Wittgenstein,POINT (8.194900297440922 50.93772505267492)
D115,Soest,POINT (8.217502549924358 51.56452017140029)
D116,Unna,POINT (7.636678624457704 51.578681203384456)
D117,Darmstadt,POINT (8.665106438220427 49.88174388028663)
D118,Frankfurt am Main,POINT (8.644430100890292 50.11731834619922)
D119,Offenbach am Main,POINT (8.781464716109651 50.09125321981246)
D120,Wiesbaden,POINT (8.260494984197749 50.07929334602375)
D121,Bergstraße,POINT (8.660185348395066 49.61774751433435)
D122,Darmstadt-Dieburg,POINT (8.795323738174199 49.85545479210081)
D123,Groß-Gerau,POINT (8.469998034413935 49.90408805199498)
D124,Hochtaunuskreis,POINT (8.50465007769433 50.281508571518394)
D125,Main-Kinzig-Kreis,POINT (9.286193264973555 50.24385235745005)
D126,Main-Taunus-Kreis,POINT (8.435462908910146 50.102670346863206)
D127,Odenwaldkreis,POINT (8.979505267520866 49.67172842593066)
D128,Offenbach,POINT (8.811753864772735 50.02157650805409)
D129,Rheingau-Taunus-Kreis,POINT (8.081097858657934 50.14191484868863)
D130,Wetteraukreis,POINT (8.907542629168777 50.35476561446982)
D131,Gießen,POINT (8.807675545616867 50.57025551834259)
D132,Lahn-Dill-Kreis,POINT (8.365367912739355 50.64818755683063)
D133,Limburg-Weilburg,POINT (8.199309500514532 50.42747402629402)
D134,Marburg-Biedenkopf,POINT (8.737860360759779 50.83682144104622)
D135,Vogelsbergkreis,POINT (9.271400696881857 50.638104616239325)
D136,Kassel,POINT (9.460735686171613 51.311021863227765)
D137,Fulda,POINT (9.759148570989888 50.5638535796637)
D138,Hersfeld-Rotenburg,POINT (9.752658222333894 50.90615676237944)
D139,Kassel,POINT (9.406756094081839 51.401591486163554)
D140,Schwalm-Eder-Kreis,POINT (9.37367378798423 51.02379164336069)
D141,Waldeck-Frankenberg,POINT (8.888650917453463 51.19051848877115)
D142,Werra-Meißner-Kreis,POINT (9.928823699963887 51.1908130933547)
D143,Koblenz,POINT (7.579433948007149 50.34815197457117)
D144,Ahrweiler,POINT (7.045003743906661 50.467645945195116)
D145,Altenkirchen (Westerwald),POINT (7.743949828796575 50.7505745268138)
D146,Bad Kreuznach,POINT (7.6866923615693965 49.824837055425775)
D147,Birkenfeld,POINT (7.277504261463415 49.71263142243508)
D148,Cochem-Zell,POINT (7.174354094996222 50.13292118856127)
D149,Mayen-Koblenz,POINT (7.332353473746271 50.331597049599)
D150,Neuwied,POINT (7.469125501150414 50.55757350030076)
D151,Rhein-Hunsrück-Kreis,POINT (7.5000549951024436 50.04414826576084)
D152,Rhein-Lahn-Kreis,POINT (7.842763508717661 50.263393038232515)
D153,Westerwaldkreis,POINT (7.865749383364318 50.55237567486139)
D154,Trier,POINT (6.6556040148229165 49.76275056545584)
D155,Bernkastel-Wittlich,POINT (6.96739034644034 49.924834524346835)
D156,Eifelkreis Bitburg-Prüm,POINT (6.410325325145304 50.062214905207476)
D157,Vulkaneifel,POINT (6.748642359413905 50.23836682510147)
D158,Trier-Saarburg,POINT (6.695821014024881 49.69663421182385)
D159,Frankenthal (Pfalz),POINT (8.357063979516106 49.53304155603859)
D160,Kaiserslautern,POINT (7.76062576360668 49.43286305211199)
D161,Landau in der Pfalz,POINT (8.051790230618394 49.22403729128213)
D162,Ludwigshafen am Rhein,POINT (8.397040773785802 49.48194065324281)
D163,Mainz,POINT (8.241354758592731 49.97422193452747)
D164,Neustadt an der Weinstraße,POINT (8.151988135094188 49.34186841878815)
D165,Pirmasens,POINT (7.594735958291987 49.19742470933624)
D166,Speyer,POINT (8.435267147586165 49.32977584701135)
D167,Worms,POINT (8.324448489817437 49.6495604886609)
D168,Zweibrücken,POINT (7.365577353548836 49.248056160589734)
D169,Alzey-Worms,POINT (8.157044644944072 49.75940909676507)
D170,Bad Dürkheim,POINT (8.110180970940412 49.45301503943182)
D171,Donnersbergkreis,POINT (7.9148908155998265 49.63191876504287)
D172,Germersheim,POINT (8.246207487052402 49.11581511897132)
D173,Kaiserslautern,POINT (7.684506380707895 49.446063874245)
D174,Kusel,POINT (7.4712908434096095 49.54984662519002)
D175,Südliche Weinstraße,POINT (8.047959865827117 49.19044719268064)
D176,Rhein-Pfalz-Kreis,POINT (8.360720902516368 49.41662054167267)
D177,Mainz-Bingen,POINT (8.079337716826464 49.92213462933177)
D178,Südwestpfalz,POINT (7.658978299646991 49.20828487538824)
D179,Stuttgart,POINT (9.172060166071283 48.775094522228635)
D180,Böblingen,POINT (8.942836189031647 48.67819649685067)
D181,Esslingen,POINT (9.368530349724503 48.64813474841241)
D182,Göppingen,POINT (9.717547666859943 48.663062128440934)
D183,Ludwigsburg,POINT (9.124455543011281 48.940616399792255)
D184,Rems-Murr-Kreis,POINT (9.501242508856308 48.89888447112909)
D185,Heilbronn,POINT (9.182490353187351 49.15246331331208)
D186,Heilbronn,POINT (9.190900646045618 49.17720453048247)
D187,Hohenlohekreis,POINT (9.614277622711688 49.27161952453968)
D188,Schwäbisch Hall,POINT (9.909002612230038 49.144526698266276)
D189,Main-Tauber-Kreis,POINT (9.725089171332531 49.5606416686031)
D190,Heidenheim,POINT (10.182094057136664 48.662194688604586)
D191,Ostalbkreis,POINT (10.090169043733722 48.877535671428184)
D192,Baden-Baden,POINT (8.231990067695 48.74840295828571)
D193,Karlsruhe,POINT (8.412634232386067 49.01160066799132)
D194,Karlsruhe,POINT (8.562733939222692 49.08174354330134)
D195,Rastatt,POINT (8.241278891680409 48.7618331757571)
D196,Heidelberg,POINT (8.694366924768175 49.40549295668766)
D197,Mannheim,POINT (8.500235204555484 49.499477401958394)
D198,Neckar-Odenwald-Kreis,POINT (9.28001928888838 49.466528904652655)
D199,Rhein-Neckar-Kreis,POINT (8.767105678002983 49.36848637666813)
D200,Pforzheim,POINT (8.712030989719507 48.87631671834983)
D201,Calw,POINT (8.63577105007605 48.67888515379658)
D202,Enzkreis,POINT (8.73732399675991 48.91444938886393)
D203,Freudenstadt,POINT (8.465357293806052 48.474340939061186)
D204,Freiburg im Breisgau,POINT (7.818499830312984 47.99267389878413)
D205,Breisgau-Hochschwarzwald,POINT (7.924847237803793 47.92493418287231)
D206,Emmendingen,POINT (7.897528800978128 48.14844131833352)
D207,Ortenaukreis,POINT (8.016347681956292 48.420897436732595)
D208,Rottweil,POINT (8.532509072467422 48.254228491000006)
D209,Schwarzwald-Baar-Kreis,POINT (8.41089177038301 48.01914483423909)
D210,Tuttlingen,POINT (8.79415116497014 48.01125338589425)
D211,Konstanz,POINT (8.910192609166346 47.798186469266504)
D212,Lörrach,POINT (7.77407916624806 47.70349979108262)
D213,Waldshut,POINT (8.218804955636603 47.69714913650586)
D214,Reutlingen,POINT (9.365427176987852 48.406439521710865)
D215,Tübingen,POINT (8.987543849712337 48.48166042262978)
D216,Zollernalbkreis,POINT (8.937466772850836 48.26722042124916)
D217,Ulm,POINT (9.949890054067495 48.3908648888212)
D218,Alb-Donau-Kreis,POINT (9.8273516511073 48.401679818385816)
D219,Biberach,POINT (9.774458005710798 48.10756537602268)
D220,Bodenseekreis,POINT (9.400962483094984 47.733454575272994)
D221,Ravensburg,POINT (9.779938725372626 47.82503829747342)
D222,Sigmaringen,POINT (9.241151281493687 48.039041120020244)
D223,Ingolstadt,POINT (11.394904893540016 48.75511825209772)
D224,München,POINT (11.54738011945987 48.15315635038881)
D225,Rosenheim,POINT (12.108530381030501 47.84374936429069)
D226,Altötting,POINT (12.70531321143047 48.209852588989634)
D227,Berchtesgadener Land,POINT (12.901854750446804 47.69857764111026)
D228,Bad Tölz-Wolfratshausen,POINT (11.483263002709604 47.727424601760546)
D229,Dachau,POINT (11.357073571457644 48.334502052944124)
D230,Ebersberg,POINT (11.913246597404703 48.076135122917435)
D231,Eichstätt,POINT (11.37062250934256 48.89806085431612)
D232,Erding,POINT (12.000606279729498 48.30038429600922)
D233,Freising,POINT (11.740500804568988 48.44714200382689)
D234,Fürstenfeldbruck,POINT (11.200987951576641 48.1878251350367)
D235,Garmisch-Partenkirchen,POINT (11.129755931904418 47.556414704462036)
D236,Landsberg am Lech,POINT (10.948765688830962 48.024385627402005)
D237,Miesbach,POINT (11.80907519796076 47.74156720636543)
D238,Mühldorf a.Inn,POINT (12.38176335863292 48.239303487648684)
D239,München,POINT (11.631344961997181 48.07418864488197)
D240,Neuburg-Schrobenhausen,POINT (11.19707264896401 48.66452739037304)
D241,Pfaffenhofen a.d.Ilm,POINT (11.524184466781433 48.59626961150524)
D242,Rosenheim,POINT (12.162645133148683 47.87848100452709)
D243,Starnberg,POINT (11.28184895191484 48.0058753126377)
D244,Traunstein,POINT (12.579470403093064 47.89454094549383)
D245,Weilheim-Schongau,POINT (11.048280312264247 47.78752912026966)
D246,Landshut,POINT (12.159230609346364 48.54443541051525)
D247,Passau,POINT (13.415589053294765 48.58210897141422)
D248,Straubing,POINT (12.57355373054405 48.88086794652087)
D249,Deggendorf,POINT (13.00075135482999 48.77868863312673)
D250,Freyung-Grafenau,POINT (13.513234210156414 48.82686483827394)
D251,Kelheim,POINT (11.857546409066634 48.824936948841575)
D252,Landshut,POINT (12.195445034304415 48.5577479111127)
D253,Passau,POINT (13.36666297096673 48.55867562138027)
D254,Regen,POINT (13.099796367761051 49.02280220840774)
D255,Rottal-Inn,POINT (12.867427780029043 48.42450430478984)
D256,Straubing-Bogen,POINT (12.582425257355592 48.8997446085688)
D257,Dingolfing-Landau,POINT (12.610472916562472 48.64118938482375)
D258,Amberg,POINT (11.84540881902968 49.45077653791279)
D259,Regensburg,POINT (12.11344194346561 49.01294201322432)
D260,Weiden i.d.OPf.,POINT (12.154762556665847 49.66908213010081)
D261,Amberg-Sulzbach,POINT (11.801024340677715 49.48681644981616)
D262,Cham,POINT (12.694234000594864 49.237120050651)
D263,Neumarkt i.d.OPf.,POINT (11.566504927425527 49.21588560032588)
D264,Neustadt a.d.Waldnaab,POINT (12.098851573374128 49.686497630581975)
D265,Regensburg,POINT (12.121088887521159 49.021397827994235)
D266,Schwandorf,POINT (12.25246232007287 49.36857196802289)
D267,Tirschenreuth,POINT (12.200227510050887 49.89937801960753)
D268,Bamberg,POINT (10.897647385716951 49.88740910162453)
D269,Bayreuth,POINT (11.58479394161026 49.937764692967015)
D270,Coburg,POINT (10.964070551537972 50.26412397965648)
D271,Hof,POINT (11.897301603774155 50.3108888427822)
D272,Bamberg,POINT (10.883610855543742 49.89333737944587)
D273,Bayreuth,POINT (11.555275485780816 49.88358347507492)
D274,Coburg,POINT (10.942336966208504 50.267863463890414)
D275,Forchheim,POINT (11.17310685969391 49.721024834432725)
D276,Hof,POINT (11.819455649796577 50.27313360973646)
D277,Kronach,POINT (11.372166381738573 50.32786872384807)
D278,Kulmbach,POINT (11.4822566228123 50.1026915707889)
D279,Lichtenfels,POINT (11.116880306526657 50.1092658468208)
D280,Wunsiedel i.Fichtelgebirge,POINT (12.041864474204642 50.09006024464794)
D281,Ansbach,POINT (10.563658708560968 49.29220403424369)
D282,Erlangen,POINT (10.9778644808461 49.5824239120964)
D283,Fürth,POINT (10.965519590411791 49.49102423974688)
D284,Nürnberg,POINT (11.082514597001106 49.43673764440362)
D285,Schwabach,POINT (11.023501893893311 49.335626597468874)
D286,Ansbach,POINT (10.46814278299131 49.24816602701727)
D287,Erlangen-Höchstadt,POINT (10.914823085639147 49.64001649503577)
D288,Fürth,POINT (10.849638687911074 49.446706619851604)
D289,Nürnberger Land,POINT (11.369115359150127 49.49164238216636)
D290,Neustadt a.d.Aisch-Bad Windsheim,POINT (10.465385671863636 49.56941038808512)
D291,Roth,POINT (11.123580773738492 49.20298105503362)
D292,Weißenburg-Gunzenhausen,POINT (10.89369770558079 49.0326841321318)
D293,Aschaffenburg,POINT (9.145552377582103 49.963669107103286)
D294,Schweinfurt,POINT (10.22084169675522 50.04675016081646)
D295,Würzburg,POINT (9.940851332442891 49.78473575471454)
D296,Aschaffenburg,POINT (9.238473176395058 50.008181028207616)
D297,Bad Kissingen,POINT (9.964696270732947 50.222537571874454)
D298,Rhön-Grabfeld,POINT (10.25468685681056 50.371326941949064)
D299,Haßberge,POINT (10.606922058619125 50.06292591904464)
D300,Kitzingen,POINT (10.256003906875812 49.75306971390326)
D301,Miltenberg,POINT (9.234783442159278 49.757359271933005)
D302,Main-Spessart,POINT (9.662912498428927 49.99360083899429)
D303,Schweinfurt,POINT (10.260059629335238 50.01687281699136)
D304,Würzburg,POINT (9.927255325260035 49.737641384304055)
D305,Augsburg,POINT (10.885360188305084 48.34553210586635)
D306,Kaufbeuren,POINT (10.615829078179035 47.87993163359514)
D307,Kempten (Allgäu),POINT (10.308119622178026 47.738088015564664)
D308,Memmingen,POINT (10.163063880825694 47.97882899715887)
D309,Aichach-Friedberg,POINT (11.052789094389722 48.42766246876115)
D310,Augsburg,POINT (10.73185834521443 48.354323692069585)
D311,Dillingen a.d.Donau,POINT (10.527772947076794 48.59649688498902)
D312,Günzburg,POINT (10.381081776906868 48.35278566497993)
D313,Neu-Ulm,POINT (10.141172066557294 48.29823531634176)
D314,Lindau (Bodensee),POINT (9.883212082710896 47.605247935895214)
D315,Ostallgäu,POINT (10.639742761465913 47.77000494481292)
D316,Unterallgäu,POINT (10.389346862025555 48.03986839744874)
D317,Donau-Ries,POINT (10.712437879216523 48.806965991246486)
D318,Oberallgäu,POINT (10.258618911688338 47.572672719334555)
D319,Regionalverband Saarbrücken,POINT (6.9571220623537915 49.25132909473274)
D320,Merzig-Wadern,POINT (6.680956434961847 49.49587652248291)
D321,Neunkirchen,POINT (7.11776435079256 49.37530020607328)
D322,Saarlouis,POINT (6.775491233525068 49.35541302041491)
D323,Saarpfalz-Kreis,POINT (7.242292935321987 49.24859438159314)
D324,St. Wendel,POINT (7.100588003894226 49.519574421195095)
D325,Berlin,POINT (13.402316124623935 52.501493256127375)
D326,Brandenburg an der Havel,POINT (12.51952189423638 52.40283060622218)
D327,Cottbus,POINT (14.366486993217121 51.77241393936929)
D328,Frankfurt (Oder),POINT (14.490304673787232 52.32467853002685)
D329,Potsdam,POINT (13.029374828886437 52.42617306812213)
D330,Barnim,POINT (13.703806966039725 52.82316944641074)
D331,Dahme-Spreewald,POINT (13.81988003460763 52.04226695173835)
D332,Elbe-Elster,POINT (13.459603631753534 51.61227424866372)
D333,Havelland,POINT (12.628477288079951 52.62072626724737)
D334,Märkisch-Oderland,POINT (14.146395603512442 52.6066526999365)
D335,Oberhavel,POINT (13.205391447609879 52.90668586583115)
D336,Oberspreewald-Lausitz,POINT (13.943572941837687 51.6162563418906)
D337,Oder-Spree,POINT (14.219147054369834 52.24387293016649)
D338,Ostprignitz-Ruppin,POINT (12.635925026395423 52.99130366255064)
D339,Potsdam-Mittelmark,POINT (12.689095902817739 52.24622711614239)
D340,Prignitz,POINT (11.961924176116296 53.10935100503992)
D341,Spree-Neiße,POINT (14.433140712204663 51.758643511133045)
D342,Teltow-Fläming,POINT (13.276064365111361 52.073090351221495)
D343,Uckermark,POINT (13.861211199997506 53.20586267140193)
D344,Rostock,POINT (12.14108453806055 54.14737562682494)
D345,Schwerin,POINT (11.416655019142254 53.621371791690585)
D346,Mecklenburgische Seenplatte,POINT (13.002602608833461 53.54362018280602)
D347,Rostock,POINT (12.22109489393042 53.91191381098568)
D348,Vorpommern-Rügen,POINT (12.987368567900257 54.28470454215786)
D349,Nordwestmecklenburg,POINT (11.25228738871517 53.821467205592256)
D350,Vorpommern-Greifswald,POINT (13.792599664798963 53.789290728492944)
D351,Ludwigslust-Parchim,POINT (11.534228133168703 53.44999255326996)
D352,Chemnitz,POINT (12.911858561769979 50.826323841104596)
D353,Erzgebirgskreis,POINT (12.944925470470706 50.60892839545145)
D354,Mittelsachsen,POINT (13.13755971913314 50.95596620346637)
D355,Vogtlandkreis,POINT (12.234793300068132 50.45677479469408)
D356,Zwickau,POINT (12.525573109154333 50.75065773521145)
D357,Dresden,POINT (13.78341587899021 51.066326077492675)
D358,Bautzen,POINT (14.231012663223845 51.268887074768955)
D359,Görlitz,POINT (14.750830492471101 51.22561581887615)
D360,Meißen,POINT (13.483252941961343 51.239832018880996)
D361,Sächsische Schweiz-Osterzgebirge,POINT (13.873249777601854 50.91671340461852)
D362,Leipzig,POINT (12.375088711170825 51.34186348292815)
D363,Leipzig,POINT (12.599538061469094 51.22148492164832)
D364,Nordsachsen,POINT (12.779251622396204 51.4728160107596)
D365,Dessau-Roßlau,POINT (12.230824931217027 51.85380051650853)
D366,Halle (Saale),POINT (11.96827464771939 51.479839554345254)
D367,Magdeburg,POINT (11.641638407084955 52.116732575335156)
D368,Altmarkkreis Salzwedel,POINT (11.227046732747496 52.67992440587291)
D369,Anhalt-Bitterfeld,POINT (12.143350566357801 51.79546836979469)
D370,Börde,POINT (11.347741705474057 52.220666991048944)
D371,Burgenlandkreis,POINT (11.883508014364484 51.14719896532362)
D372,Harz,POINT (10.958484112824456 51.821189092364925)
D373,Jerichower Land,POINT (12.026602242492155 52.26085985568493)
D374,Mansfeld-Südharz,POINT (11.356443630520689 51.535655614596415)
D375,Saalekreis,POINT (11.865648021807692 51.42575925431075)
D376,Salzlandkreis,POINT (11.642850208256904 51.85184977148609)
D377,Stendal,POINT (11.8395305178091 52.69682480090686)
D378,Wittenberg,POINT (12.701646751493488 51.82012728732833)
D379,Erfurt,POINT (11.0203323698632 50.983326529447204)
D380,Gera,POINT (12.08278855968163 50.89381371404424)
D381,Jena,POINT (11.587079508355405 50.924282194112905)
D382,Suhl,POINT (10.717547125211496 50.6209266922826)
D383,Weimar,POINT (11.31781780961046 50.97847184661663)
D384,Eichsfeld,POINT (10.260188520297982 51.377755761025945)
D385,Nordhausen,POINT (10.730960422352135 51.502251138968134)
D386,Wartburgkreis,POINT (10.21869969626397 50.900134846760395)
D387,Unstrut-Hainich-Kreis,POINT (10.56271455278547 51.17879785833882)
D388,Kyffhäuserkreis,POINT (10.984774475070882 51.32474578034042)
D389,Schmalkalden-Meiningen,POINT (10.39672774361664 50.63101665706225)
D390,Gotha,POINT (10.693786831800471 50.91057117598275)
D391,Sömmerda,POINT (11.15477617559101 51.15780986635537)
D392,Hildburghausen,POINT (10.734116945446218 50.434046785073335)
D393,Ilm-Kreis,POINT (10.974733642191273 50.74241978616396)
D394,Weimarer Land,POINT (11.373594640375968 50.971544148378015)
D395,Sonneberg,POINT (11.136395294254688 50.421106633929654)
D396,Saalfeld-Rudolstadt,POINT (11.312476619454332 50.640851806235325)
D397,Saale-Holzland-Kreis,POINT (11.731424172154675 50.90411192892637)
D398,Saale-Orla-Kreis,POINT (11.7105124892677 50.58077329890294)
D399,Greiz,POINT (12.073895406470891 50.74854939138747)
D400,Altenburger Land,POINT (12.399228382557698 50.956358212320936)
D401,Deutsch-Luxemburgisches Hoheitsgebiet [Eifelk. Bitburg-Prüm],POINT (6.240036071537475 49.93623085728207)
D402,Deutsch-Luxemburgisches Hoheitsgebiet [Lkr. Trier-Saarburg],POINT (6.445183917620003 49.67188891931878)
D403,Deutsch-Luxemburgisches Hoheitsgebiet [Lkr. Merzig-Wadern],POINT (6.366269142007219 49.51434265161553)
