Start_Point,End_Point
C1,C1
C2,C2
C3,C3
C4,C4
C5,C5
C6,C6
C7,C7
C8,C8
C9,C9
C10,C10
C11,C11
C12,C12
C13,C13
C14,C14
C15,C15
C16,C16
C17,C17
C18,C18
C19,C19
C20,C20
C21,C21
C22,C22
C23,C23
C24,C24
C25,C25
C26,C26
C27,C27
C28,C28
C29,C29
C30,C30
C31,C31
C32,C32
C33,C33
C34,C34
C35,C35
C36,C36
C37,C37
C38,C38
C39,C39
C40,C40
C41,C41
C42,C42
C43,C43
C44,C44
C45,C45
C46,C46
C47,C47
C48,C48
C49,C49
C50,C50
C51,C51
C52,C52
C53,C53
C54,C54
C55,C55
C56,C56
C57,C57
C58,C58
C59,C59
C60,C60
C61,C61
C62,C62
C63,C63
C64,C64
C65,C65
C66,C66
C67,C67
C68,C68
C69,C69
C70,C70
C71,C71
C72,C72
C73,C73
C74,C74
C75,C75
C76,C76
C77,C77
C78,C78
C79,C79
C80,C80
C81,C81
C82,C82
C83,C83
C84,C84
C85,C85
C86,C86
C87,C87
C88,C88
C89,C89
C90,C90
C91,C91
C92,C92
C93,C93
C94,C94
C95,C95
C96,C96
C97,C97
C98,C98
C99,C99
C100,C100
C101,C101
C102,C102
C103,C103
C104,C104
C105,C105
C106,C106
C107,C107
C108,C108
C109,C109
C110,C110
C111,C111
C112,C112
C113,C113
C114,C114
C115,C115
C116,C116
C117,C117
C118,C118
C119,C119
C120,C120
C121,C121
C122,C122
C123,C123
C124,C124
C125,C125
C126,C126
C127,C127
C128,C128
C129,C129
C130,C130
C131,C131
C132,C132
C133,C133
C134,C134
C135,C135
C136,C136
C137,C137
C138,C138
C139,C139
C140,C140
C141,C141
C142,C142
C143,C143
C144,C144
C145,C145
C146,C146
C147,C147
C148,C148
C149,C149
C150,C150
C151,C151
C152,C152
C153,C153
C154,C154
C155,C155
C156,C156
C157,C157
C158,C158
C159,C159
C160,C160
C161,C161
C162,C162
C163,C163
C164,C164
C165,C165
C166,C166
C167,C167
C168,C168
C169,C169
C170,C170
C171,C171
C172,C172
C173,C173
C174,C174
C175,C175
C176,C176
C177,C177
C178,C178
C179,C179
C180,C180
C181,C181
C182,C182
C183,C183
C184,C184
C185,C185
C186,C186
C187,C187
C188,C188
C189,C189
C190,C190
C191,C191
C192,C192
C193,C193
C194,C194
C195,C195
C196,C196
C197,C197
C198,C198
C199,C199
C200,C200
C201,C201
C202,C202
C203,C203
C204,C204
C205,C205
C206,C206
C207,C207
C208,C208
C209,C209
C210,C210
C211,C211
C212,C212
C213,C213
C214,C214
C215,C215
C216,C216
C217,C217
C218,C218
C219,C219
C220,C220
C221,C221
C222,C222
C223,C223
C224,C224
C225,C225
C226,C226
C227,C227
C228,C228
C229,C229
C230,C230
C231,C231
C232,C232
C233,C233
C234,C234
C235,C235
C236,C236
C237,C237
C238,C238
C239,C239
C240,C240
C241,C241
C242,C242
C243,C243
C244,C244
C245,C245
C246,C246
C247,C247
C248,C248
C249,C249
C250,C250
C251,C251
C252,C252
C253,C253
C254,C254
C255,C255
C256,C256
C257,C257
C258,C258
C259,C259
C260,C260
C261,C261
C262,C262
C263,C263
C264,C264
C265,C265
C266,C266
C267,C267
C268,C268
C269,C269
C270,C270
C271,C271
C272,C272
C273,C273
C274,C274
C275,C275
C276,C276
C277,C277
C278,C278
C279,C279
C280,C280
C281,C281
C282,C282
C283,C283
C284,C284
C285,C285
C286,C286
C287,C287
C288,C288
C289,C289
C290,C290
C291,C291
C292,C292
C293,C293
C294,C294
C295,C295
C296,C296
C297,C297
C298,C298
C299,C299
C300,C300
C301,C301
C302,C302
C303,C303
C304,C304
C305,C305
C306,C306
C307,C307
C308,C308
C309,C309
C310,C310
C311,C311
C312,C312
C313,C313
C314,C314
C315,C315
C316,C316
C317,C317
C318,C318
C319,C319
C320,C320
C321,C321
C322,C322
C323,C323
C324,C324
C325,C325
C326,C326
C327,C327
C328,C328
C329,C329
C330,C330
C331,C331
C332,C332
C333,C333
C334,C334
C335,C335
C336,C336
C337,C337
C338,C338
C339,C339
C340,C340
C341,C341
C342,C342
C343,C343
C344,C344
C345,C345
C346,C346
C347,C347
C348,C348
C349,C349
C350,C350
C351,C351
C352,C352
C353,C353
C354,C354
C355,C355
C356,C356
C357,C357
C358,C358
C359,C359
C360,C360
C361,C361
C362,C362
C363,C363
C364,C364
C365,C365
C366,C366
C367,C367
C368,C368
C369,C369
C370,C370
C371,C371
C372,C372
C373,C373
C374,C374
C375,C375
C376,C376
C377,C377
C378,C378
C379,C379
C380,C380
C381,C381
C382,C382
C383,C383
C384,C384
C385,C385
C386,C386
C387,C387
C388,C388
C389,C389
C390,C390
C391,C391
C392,C392
C393,C393
C394,C394
C395,C395
C396,C396
C397,C397
C398,C398
C399,C399
C400,C400
C401,C401
C402,C402
C403,C403
C404,C404
C405,C405
C406,C406
C407,C407
C408,C408
C409,C409
C410,C410
C411,C411
C412,C412
C413,C413
C414,C414
C415,C415
C416,C416
C417,C417
C418,C418
C419,C419
C420,C420
C421,C421
C422,C422
C423,C423
C424,C424
C425,C425
C426,C426
C427,C427
C428,C428
C429,C429
C430,C430
C431,C431
C432,C432
C433,C433
C434,C434
C435,C435
C436,C436
C437,C437
C438,C438
C439,C439
C440,C440
C441,C441
C442,C442
C443,C443
C444,C444
C445,C445
C446,C446
C447,C447
C448,C448
C449,C449
C450,C450
C451,C451
C452,C452
C453,C453
C454,C454
C455,C455
C456,C456
C457,C457
C458,C458
C459,C459
C460,C460
C461,C461
C462,C462
C463,C463
C464,C464
C465,C465
C466,C466
C467,C467
C468,C468
C469,C469
C470,C470
C471,C471
C472,C472
C473,C473
C474,C474
C475,C475
C476,C476
C477,C477
C478,C478
C479,C479
C480,C480
C481,C481
C482,C482
C483,C483
C484,C484
C485,C485
C486,C486
C487,C487
C488,C488
C489,C489
C490,C490
C491,C491
C492,C492
C493,C493
C494,C494
C495,C495
C496,C496
C497,C497
C498,C498
C499,C499
C500,C500
C501,C501
C502,C502
C503,C503
C504,C504
C505,C505
C506,C506
C507,C507
C508,C508
C509,C509
C510,C510
C511,C511
C512,C512
C513,C513
C514,C514
C515,C515
C516,C516
C517,C517
C518,C518
C519,C519
C520,C520
C521,C521
C522,C522
C523,C523
C524,C524
C525,C525
C526,C526
C527,C527
C528,C528
C529,C529
C530,C530
C531,C531
C532,C532
C533,C533
C534,C534
C535,C535
C536,C536
C537,C537
C538,C538
C539,C539
C540,C540
C541,C541
C542,C542
C543,C543
C544,C544
C545,C545
C546,C546
C547,C547
C548,C548
C549,C549
C550,C550
C551,C551
C552,C552
C553,C553
C554,C554
C555,C555
C556,C556
C557,C557
C558,C558
C559,C559
C560,C560
C561,C561
C562,C562
C563,C563
C564,C564
C565,C565
C566,C566
C567,C567
C568,C568
C569,C569
C570,C570
C571,C571
C572,C572
C573,C573
C574,C574
C575,C575
C576,C576
C577,C577
C578,C578
C579,C579
C580,C580
C581,C581
C582,C582
C583,C583
C584,C584
C585,C585
C586,C586
C587,C587
C588,C588
C589,C589
C590,C590
C591,C591
C592,C592
C593,C593
C594,C594
C595,C595
C596,C596
C597,C597
C598,C598
C599,C599
C600,C600
C601,C601
C602,C602
C603,C603
C604,C604
C605,C605
C606,C606
C607,C607
C608,C608
C609,C609
C610,C610
C611,C611
C612,C612
C613,C613
C614,C614
C615,C615
C616,C616
C617,C617
C618,C618
C619,C619
C620,C620
C621,C621
C622,C622
C623,C623
C624,C624
C625,C625
C626,C626
C627,C627
C628,C628
C629,C629
C630,C630
C631,C631
C632,C632
C633,C633
C634,C634
C635,C635
C636,C636
C637,C637
C638,C638
C639,C639
C640,C640
C641,C641
C642,C642
C643,C643
C644,C644
C645,C645
C646,C646
C647,C647
C648,C648
C649,C649
C650,C650
C651,C651
C652,C652
C653,C653
C654,C654
C655,C655
C656,C656
C657,C657
C658,C658
C659,C659
C660,C660
C661,C661
C662,C662
C663,C663
C664,C664
C665,C665
C666,C666
C667,C667
C668,C668
C669,C669
C670,C670
C671,C671
C672,C672
C673,C673
C674,C674
C675,C675
C676,C676
C677,C677
C678,C678
C679,C679
C680,C680
C681,C681
C682,C682
C683,C683
C684,C684
C685,C685
C686,C686
C687,C687
C688,C688
C689,C689
C690,C690
C691,C691
C692,C692
C693,C693
C694,C694
C695,C695
C696,C696
C697,C697
C698,C698
C699,C699
C700,C700
C701,C701
C702,C702
C703,C703
C704,C704
C705,C705
C706,C706
C707,C707
C708,C708
C709,C709
C710,C710
C711,C711
C712,C712
C713,C713
C714,C714
C715,C715
C716,C716
C717,C717
C718,C718
C719,C719
C720,C720
C721,C721
C722,C722
C723,C723
C724,C724
C725,C725
C726,C726
C727,C727
C728,C728
C729,C729
C730,C730
C731,C731
C732,C732
C733,C733
C734,C734
C735,C735
C736,C736
C737,C737
C738,C738
C739,C739
C740,C740
C741,C741
C742,C742
C743,C743
C744,C744
C745,C745
C746,C746
C747,C747
C748,C748
C749,C749
C750,C750
C751,C751
C752,C752
C753,C753
C754,C754
C755,C755
C756,C756
C757,C757
C758,C758
C759,C759
C760,C760
C761,C761
C762,C762
C763,C763
C764,C764
C765,C765
C766,C766
C767,C767
C768,C768
C769,C769
C770,C770
C771,C771
C772,C772
C773,C773
C774,C774
C775,C775
C776,C776
C777,C777
C778,C778
C779,C779
C780,C780
C781,C781
C782,C782
C783,C783
C784,C784
C785,C785
C786,C786
C787,C787
C788,C788
C789,C789
C790,C790
C791,C791
C792,C792
C793,C793
C794,C794
C795,C795
C796,C796
C797,C797
C798,C798
C799,C799
C800,C800
C801,C801
C802,C802
C803,C803
C804,C804
C805,C805
C806,C806
C807,C807
C808,C808
C809,C809
C810,C810
C811,C811
C812,C812
C813,C813
C814,C814
C815,C815
C816,C816
C817,C817
C818,C818
C819,C819
C820,C820
C821,C821
C822,C822
C823,C823
C824,C824
C825,C825
C826,C826
C827,C827
C828,C828
C829,C829
C830,C830
C831,C831
C832,C832
C833,C833
C834,C834
C835,C835
C836,C836
C837,C837
C838,C838
C839,C839
C840,C840
C841,C841
C842,C842
C843,C843
C844,C844
C845,C845
C846,C846
C847,C847
C848,C848
C849,C849
C850,C850
C851,C851
C852,C852
C853,C853
C854,C854
C855,C855
C856,C856
C857,C857
C858,C858
C859,C859
C860,C860
C861,C861
C862,C862
C863,C863
C864,C864
C865,C865
C866,C866
C867,C867
C868,C868
C869,C869
C870,C870
C871,C871
C872,C872
C873,C873
C874,C874
C875,C875
C876,C876
C877,C877
C878,C878
C879,C879
C880,C880
C881,C881
C882,C882
C883,C883
C884,C884
C885,C885
C886,C886
C887,C887
C888,C888
C889,C889
C890,C890
C891,C891
C892,C892
C893,C893
C894,C894
C895,C895
C896,C896
C897,C897
C898,C898
C899,C899
C900,C900
C901,C901
C902,C902
C903,C903
C904,C904
C905,C905
C906,C906
C907,C907
C908,C908
C909,C909
C910,C910
C911,C911
C912,C912
C913,C913
C914,C914
C915,C915
C916,C916
C917,C917
C918,C918
C919,C919
C920,C920
C921,C921
C922,C922
C923,C923
C924,C924
C925,C925
C926,C926
C927,C927
C928,C928
C929,C929
C930,C930
C931,C931
C932,C932
C933,C933
C934,C934
C935,C935
C936,C936
C937,C937
C938,C938
C939,C939
C940,C940
C941,C941
C942,C942
C943,C943
C944,C944
C945,C945
C946,C946
C947,C947
C948,C948
C949,C949
C950,C950
C951,C951
C952,C952
C953,C953
C954,C954
C955,C955
C956,C956
C957,C957
C958,C958
C959,C959
C960,C960
C961,C961
C962,C962
C963,C963
C964,C964
C965,C965
C966,C966
C967,C967
C968,C968
C969,C969
C970,C970
C971,C971
C972,C972
C973,C973
C974,C974
C975,C975
C976,C976
C977,C977
C978,C978
C979,C979
C980,C980
C981,C981
C982,C982
C983,C983
C984,C984
C985,C985
C986,C986
C987,C987
C988,C988
C989,C989
C990,C990
C991,C991
C992,C992
C993,C993
C994,C994
C995,C995
C996,C996
C997,C997
C998,C998
C999,C999
C1000,C1000
C1001,C1001
C1002,C1002
C1003,C1003
C1004,C1004
C1005,C1005
C1006,C1006
C1007,C1007
C1008,C1008
C1009,C1009
C1010,C1010
C1011,C1011
C1012,C1012
C1013,C1013
C1014,C1014
C1015,C1015
C1016,C1016
C1017,C1017
C1018,C1018
C1019,C1019
C1020,C1020
C1021,C1021
C1022,C1022
C1023,C1023
C1024,C1024
C1025,C1025
C1026,C1026
C1027,C1027
C1028,C1028
C1029,C1029
C1030,C1030
C1031,C1031
C1032,C1032
C1033,C1033
C1034,C1034
C1035,C1035
C1036,C1036
C1037,C1037
C1038,C1038
C1039,C1039
C1040,C1040
C1041,C1041
C1042,C1042
C1043,C1043
C1044,C1044
C1045,C1045
C1046,C1046
C1047,C1047
C1048,C1048
C1049,C1049
C1050,C1050
C1051,C1051
C1052,C1052
C1053,C1053
C1054,C1054
C1055,C1055
C1056,C1056
C1057,C1057
C1058,C1058
C1059,C1059
C1060,C1060
C1061,C1061
C1062,C1062
C1063,C1063
C1064,C1064
C1065,C1065
C1066,C1066
C1067,C1067
C1068,C1068
C1069,C1069
C1070,C1070
C1071,C1071
C1072,C1072
C1073,C1073
C1074,C1074
C1075,C1075
C1076,C1076
C1077,C1077
C1078,C1078
C1079,C1079
C1080,C1080
C1081,C1081
C1082,C1082
C1083,C1083
C1084,C1084
C1085,C1085
C1086,C1086
C1087,C1087
C1088,C1088
C1089,C1089
C1090,C1090
C1091,C1091
C1092,C1092
C1093,C1093
C1094,C1094
C1095,C1095
C1096,C1096
C1097,C1097
C1098,C1098
C1099,C1099
C1100,C1100
C1101,C1101
C1102,C1102
C1103,C1103
C1104,C1104
C1105,C1105
C1106,C1106
C1107,C1107
C1108,C1108
C1109,C1109
C1110,C1110
C1111,C1111
C1112,C1112
C1113,C1113
C1114,C1114
C1115,C1115
C1116,C1116
C1117,C1117
C1118,C1118
C1119,C1119
C1120,C1120
C1121,C1121
C1122,C1122
C1123,C1123
C1124,C1124
C1125,C1125
C1126,C1126
C1127,C1127
C1128,C1128
C1129,C1129
C1130,C1130
C1131,C1131
C1132,C1132
C1133,C1133
C1134,C1134
C1135,C1135
C1136,C1136
C1137,C1137
C1138,C1138
C1139,C1139
C1140,C1140
C1141,C1141
C1142,C1142
C1143,C1143
C1144,C1144
C1145,C1145
C1146,C1146
C1147,C1147
C1148,C1148
C1149,C1149
C1150,C1150
C1151,C1151
C1152,C1152
C1153,C1153
C1154,C1154
C1155,C1155
C1156,C1156
C1157,C1157
C1158,C1158
C1159,C1159
C1160,C1160
C1161,C1161
C1162,C1162
C1163,C1163
C1164,C1164
C1165,C1165
C1166,C1166
C1167,C1167
C1168,C1168
C1169,C1169
C1170,C1170
C1171,C1171
C1172,C1172
C1173,C1173
C1174,C1174
C1175,C1175
C1176,C1176
C1177,C1177
C1178,C1178
C1179,C1179
C1180,C1180
C1181,C1181
C1182,C1182
C1183,C1183
C1184,C1184
C1185,C1185
C1186,C1186
C1187,C1187
C1188,C1188
C1189,C1189
C1190,C1190
C1191,C1191
C1192,C1192
C1193,C1193
C1194,C1194
C1195,C1195
C1196,C1196
C1197,C1197
C1198,C1198
C1199,C1199
C1200,C1200
C1201,C1201
C1202,C1202
C1203,C1203
C1204,C1204
C1205,C1205
C1206,C1206
C1207,C1207
C1208,C1208
C1209,C1209
C1210,C1210
C1211,C1211
C1212,C1212
C1213,C1213
C1214,C1214
C1215,C1215
C1216,C1216
C1217,C1217
C1218,C1218
C1219,C1219
C1220,C1220
C1221,C1221
C1222,C1222
C1223,C1223
C1224,C1224
C1225,C1225
C1226,C1226
C1227,C1227
C1228,C1228
C1229,C1229
C1230,C1230
C1231,C1231
C1232,C1232
C1233,C1233
C1234,C1234
C1235,C1235
C1236,C1236
C1237,C1237
C1238,C1238
C1239,C1239
C1240,C1240
C1241,C1241
C1242,C1242
C1243,C1243
C1244,C1244
C1245,C1245
C1246,C1246
C1247,C1247
C1248,C1248
C1249,C1249
C1250,C1250
C1251,C1251
C1252,C1252
C1253,C1253
C1254,C1254
C1255,C1255
C1256,C1256
C1257,C1257
C1258,C1258
C1259,C1259
C1260,C1260
C1261,C1261
C1262,C1262
C1263,C1263
C1264,C1264
C1265,C1265
C1266,C1266
C1267,C1267
C1268,C1268
C1269,C1269
C1270,C1270
C1271,C1271
C1272,C1272
C1273,C1273
C1274,C1274
C1275,C1275
C1276,C1276
C1277,C1277
C1278,C1278
C1279,C1279
C1280,C1280
C1281,C1281
C1282,C1282
C1283,C1283
C1284,C1284
C1285,C1285
C1286,C1286
C1287,C1287
C1288,C1288
C1289,C1289
C1290,C1290
C1291,C1291
C1292,C1292
C1293,C1293
C1294,C1294
C1295,C1295
C1296,C1296
C1297,C1297
C1298,C1298
C1299,C1299
C1300,C1300
C1301,C1301
C1302,C1302
C1303,C1303
C1304,C1304
C1305,C1305
C1306,C1306
C1307,C1307
C1308,C1308
C1309,C1309
C1310,C1310
C1311,C1311
C1312,C1312
C1313,C1313
C1314,C1314
C1315,C1315
C1316,C1316
C1317,C1317
C1318,C1318
C1319,C1319
C1320,C1320
C1321,C1321
C1322,C1322
C1323,C1323
C1324,C1324
C1325,C1325
C1326,C1326
C1327,C1327
C1328,C1328
C1329,C1329
C1330,C1330
C1331,C1331
C1332,C1332
C1333,C1333
C1334,C1334
C1335,C1335
C1336,C1336
C1337,C1337
C1338,C1338
C1339,C1339
C1340,C1340
C1341,C1341
C1342,C1342
C1343,C1343
C1344,C1344
C1345,C1345
C1346,C1346
C1347,C1347
C1348,C1348
C1349,C1349
C1350,C1350
C1351,C1351
C1352,C1352
C1353,C1353
C1354,C1354
C1355,C1355
C1356,C1356
C1357,C1357
C1358,C1358
C1359,C1359
C1360,C1360
V1,V1
V2,V2
V3,V3
V4,V4
V5,V5
V6,V6
V7,V7
V8,V8
V9,V9
V10,V10
V11,V11
V12,V12
V13,V13
V14,V14
V15,V15
V16,V16
V17,V17
V18,V18
V19,V19
V20,V20
V21,V21
V22,V22
V23,V23
V24,V24
V25,V25
V26,V26
V27,V27
V28,V28
V29,V29
V30,V30
V31,V31
V32,V32
V33,V33
V34,V34
V35,V35
V36,V36
V37,V37
V38,V38
V39,V39
V40,V40
V41,V41
V42,V42
V43,V43
V44,V44
V45,V45
V46,V46
V47,V47
V48,V48
V49,V49
V50,V50
V51,V51
V52,V52
V53,V53
V54,V54
V55,V55
V56,V56
V57,V57
V58,V58
V59,V59
V60,V60
V61,V61
V62,V62
V63,V63
V64,V64
V65,V65
V66,V66
V67,V67
V68,V68
V69,V69
V70,V70
V71,V71
V72,V72
V73,V73
V74,V74
V75,V75
V76,V76
V77,V77
V78,V78
V79,V79
V80,V80
V81,V81
V82,V82
V83,V83
V84,V84
V85,V85
V86,V86
V87,V87
V88,V88
V89,V89
V90,V90
V91,V91
V92,V92
V93,V93
V94,V94
V95,V95
V96,V96
V97,V97
V98,V98
V99,V99
V100,V100
V101,V101
V102,V102
V103,V103
V104,V104
V105,V105
V106,V106
V107,V107
V108,V108
V109,V109
V110,V110
V111,V111
V112,V112
V113,V113
V114,V114
V115,V115
V116,V116
V117,V117
V118,V118
V119,V119
V120,V120
V121,V121
V122,V122
V123,V123
V124,V124
V125,V125
V126,V126
V127,V127
V128,V128
V129,V129
V130,V130
V131,V131
V132,V132
V133,V133
V134,V134
V135,V135
V136,V136
V137,V137
V138,V138
V139,V139
V140,V140
V141,V141
V142,V142
V143,V143
V144,V144
V145,V145
V146,V146
V147,V147
V148,V148
V149,V149
V150,V150
V151,V151
V152,V152
V153,V153
V154,V154
V155,V155
V156,V156
V157,V157
V158,V158
V159,V159
V160,V160
V161,V161
V162,V162
V163,V163
V164,V164
V165,V165
V166,V166
V167,V167
V168,V168
V169,V169
V170,V170
V171,V171
V172,V172
V173,V173
V174,V174
V175,V175
V176,V176
V177,V177
V178,V178
V179,V179
V180,V180
V181,V181
V182,V182
V183,V183
V184,V184
V185,V185
V186,V186
V187,V187
V188,V188
V189,V189
V190,V190
V191,V191
V192,V192
V193,V193
V194,V194
V195,V195
V196,V196
V197,V197
V198,V198
V199,V199
V200,V200
V201,V201
V202,V202
V203,V203
V204,V204
V205,V205
V206,V206
V207,V207
V208,V208
V209,V209
V210,V210
V211,V211
V212,V212
V213,V213
V214,V214
V215,V215
V216,V216
V217,V217
V218,V218
V219,V219
V220,V220
V221,V221
V222,V222
V223,V223
V224,V224
V225,V225
V226,V226
V227,V227
V228,V228
V229,V229
V230,V230
V231,V231
V232,V232
V233,V233
V234,V234
V235,V235
V236,V236
V237,V237
V238,V238
V239,V239
V240,V240
V241,V241
V242,V242
V243,V243
V244,V244
V245,V245
V246,V246
V247,V247
V248,V248
V249,V249
V250,V250
V251,V251
V252,V252
V253,V253
V254,V254
V255,V255
V256,V256
V257,V257
V258,V258
V259,V259
V260,V260
V261,V261
V262,V262
V263,V263
V264,V264
V265,V265
V266,V266
V267,V267
V268,V268
V269,V269
V270,V270
V271,V271
V272,V272
V273,V273
V274,V274
V275,V275
V276,V276
V277,V277
V278,V278
V279,V279
V280,V280
V281,V281
V282,V282
V283,V283
V284,V284
V285,V285
V286,V286
V287,V287
V288,V288
V289,V289
V290,V290
V291,V291
V292,V292
V293,V293
V294,V294
V295,V295
V296,V296
V297,V297
V298,V298
V299,V299
V300,V300
V301,V301
V302,V302
V303,V303
V304,V304
V305,V305
V306,V306
V307,V307
V308,V308
V309,V309
V310,V310
V311,V311
V312,V312
V313,V313
V314,V314
V315,V315
V316,V316
V317,V317
V318,V318
V319,V319
V320,V320
V321,V321
V322,V322
V323,V323
V324,V324
V325,V325
V326,V326
V327,V327
V328,V328
V329,V329
V330,V330
V331,V331
V332,V332
V333,V333
V334,V334
V335,V335
V336,V336
V337,V337
V338,V338
V339,V339
V340,V340
V341,V341
V342,V342
V343,V343
V344,V344
V345,V345
V346,V346
V347,V347
V348,V348
V349,V349
V350,V350
V351,V351
V352,V352
V353,V353
V354,V354
V355,V355
V356,V356
V357,V357
V358,V358
V359,V359
V360,V360
V361,V361
V362,V362
V363,V363
V364,V364
V365,V365
V366,V366
V367,V367
V368,V368
V369,V369
V370,V370
V371,V371
V372,V372
V373,V373
V374,V374
V375,V375
V376,V376
V377,V377
V378,V378
V379,V379
V380,V380
V381,V381
V382,V382
V383,V383
V384,V384
V385,V385
V386,V386
V387,V387
V388,V388
V389,V389
V390,V390
V391,V391
V392,V392
V393,V393
V394,V394
V395,V395
V396,V396
V397,V397
V398,V398
V399,V399
V400,V400
V401,V401
V402,V402
V403,V403
V404,V404
V405,V405
V406,V406
V407,V407
V408,V408
V409,V409
V410,V410
V411,V411
V412,V412
V413,V413
V414,V414
V415,V415
V416,V416
V417,V417
V418,V418
V419,V419
V420,V420
V421,V421
V422,V422
V423,V423
V424,V424
V425,V425
V426,V426
V427,V427
V428,V428
D1,D1
D2,D2
D3,D3
D4,D4
D5,D5
D6,D6
D7,D7
D8,D8
D9,D9
D10,D10
D11,D11
D12,D12
D13,D13
D14,D14
D15,D15
D16,D16
D17,D17
D18,D18
D19,D19
D20,D20
D21,D21
D22,D22
D23,D23
D24,D24
D25,D25
D26,D26
D27,D27
D28,D28
D29,D29
D30,D30
D31,D31
D32,D32
D33,D33
D34,D34
D35,D35
D36,D36
D37,D37
D38,D38
D39,D39
D40,D40
D41,D41
D42,D42
D43,D43
D44,D44
D45,D45
D46,D46
D47,D47
D48,D48
D49,D49
D50,D50
D51,D51
D52,D52
D53,D53
D54,D54
D55,D55
D56,D56
D57,D57
D58,D58
D59,D59
D60,D60
D61,D61
D62,D62
D63,D63
D64,D64
D65,D65
D66,D66
D67,D67
D68,D68
D69,D69
D70,D70
D71,D71
D72,D72
D73,D73
D74,D74
D75,D75
D76,D76
D77,D77
D78,D78
D79,D79
D80,D80
D81,D81
D82,D82
D83,D83
D84,D84
D85,D85
D86,D86
D87,D87
D88,D88
D89,D89
D90,D90
D91,D91
D92,D92
D93,D93
D94,D94
D95,D95
D96,D96
D97,D97
D98,D98
A1,A1
A2,A2
A3,A3
A4,A4
A5,A5
F1,F1
F2,F2
